episode_id,folder,path,n_frames,n_engaged,engaged_frac,duration_s,success,seed,mode,color_bin_mapping,has_intent,gaze_valid_frac,gaze_valid_engaged,has_state,cameras,has_images,n_objects,n_bins,rate_hz,image_scale,schema_version,error
000,000,C:/Users/ceti/Documents/05_data/teleop-sorting/avatar\000\episode.hdf5,2529,1543,0.61,84.267,success,176863867,1,"{""blue"": ""bin_1"", ""red"": ""bin_2""}",True,0.993,0.988,True,"head_cam_left,head_cam_right,wrist_cam_left,wrist_cam_right",True,4,2,30.0,0.25,2,
001,001,C:/Users/ceti/Documents/05_data/teleop-sorting/avatar\001\episode.hdf5,2417,2328,0.963,80.533,success,1619852002,1,"{""blue"": ""bin_1"", ""red"": ""bin_2""}",True,0.982,0.982,True,"head_cam_left,head_cam_right,wrist_cam_left,wrist_cam_right",True,4,2,30.0,0.25,2,
002,002,C:/Users/ceti/Documents/05_data/teleop-sorting/avatar\002\episode.hdf5,2197,2090,0.951,73.2,success,590274676,1,"{""blue"": ""bin_1"", ""red"": ""bin_2""}",True,0.99,0.989,True,"head_cam_left,head_cam_right,wrist_cam_left,wrist_cam_right",True,4,2,30.0,0.25,2,
003,003,C:/Users/ceti/Documents/05_data/teleop-sorting/avatar\003\episode.hdf5,2689,2573,0.957,89.6,success,987065379,1,"{""blue"": ""bin_1"", ""red"": ""bin_2""}",True,0.985,0.986,True,"head_cam_left,head_cam_right,wrist_cam_left,wrist_cam_right",True,4,2,30.0,0.25,2,
004,004,C:/Users/ceti/Documents/05_data/teleop-sorting/avatar\004\episode.hdf5,2356,2243,0.952,78.5,success,1199920870,1,"{""blue"": ""bin_1"", ""red"": ""bin_2""}",True,0.983,0.982,True,"head_cam_left,head_cam_right,wrist_cam_left,wrist_cam_right",True,4,2,30.0,0.25,2,
005,005,C:/Users/ceti/Documents/05_data/teleop-sorting/avatar\005\episode.hdf5,2522,2241,0.889,84.033,failure,1800210006,1,"{""blue"": ""bin_1"", ""red"": ""bin_2""}",True,0.983,0.984,True,"head_cam_left,head_cam_right,wrist_cam_left,wrist_cam_right",True,4,2,30.0,0.25,2,
006,006,C:/Users/ceti/Documents/05_data/teleop-sorting/avatar\006\episode.hdf5,1956,1890,0.966,65.167,success,762570008,1,"{""blue"": ""bin_1"", ""red"": ""bin_2""}",True,0.96,0.964,True,"head_cam_left,head_cam_right,wrist_cam_left,wrist_cam_right",True,4,2,30.0,0.25,2,
007,007,C:/Users/ceti/Documents/05_data/teleop-sorting/avatar\007\episode.hdf5,2283,2079,0.911,76.067,success,791116180,0,"{""blue"": ""bin_1"", ""red"": ""bin_2""}",True,0.986,0.985,True,"head_cam_left,head_cam_right,wrist_cam_left,wrist_cam_right",True,4,2,30.0,0.25,2,
008,008,C:/Users/ceti/Documents/05_data/teleop-sorting/avatar\008\episode.hdf5,2221,2161,0.973,74.0,success,337565721,0,"{""blue"": ""bin_1"", ""red"": ""bin_2""}",True,0.97,0.971,True,"head_cam_left,head_cam_right,wrist_cam_left,wrist_cam_right",True,4,2,30.0,0.25,2,
009,009,C:/Users/ceti/Documents/05_data/teleop-sorting/avatar\009\episode.hdf5,2162,2059,0.952,72.033,success,1363347022,1,"{""blue"": ""bin_1"", ""red"": ""bin_2""}",True,0.956,0.954,True,"head_cam_left,head_cam_right,wrist_cam_left,wrist_cam_right",True,4,2,30.0,0.25,2,
010,010,C:/Users/ceti/Documents/05_data/teleop-sorting/avatar\010\episode.hdf5,1930,1881,0.975,64.3,success,1758365096,0,"{""blue"": ""bin_1"", ""red"": ""bin_2""}",True,0.982,0.983,True,"head_cam_left,head_cam_right,wrist_cam_left,wrist_cam_right",True,4,2,30.0,0.25,2,
011,011,C:/Users/ceti/Documents/05_data/teleop-sorting/avatar\011\episode.hdf5,2470,2216,0.897,82.3,success,212593775,0,"{""blue"": ""bin_1"", ""red"": ""bin_2""}",True,0.988,0.987,True,"head_cam_left,head_cam_right,wrist_cam_left,wrist_cam_right",True,4,2,30.0,0.25,2,
012,012,C:/Users/ceti/Documents/05_data/teleop-sorting/avatar\012\episode.hdf5,1222,1150,0.941,40.7,failure,893322846,0,"{""blue"": ""bin_1"", ""red"": ""bin_2""}",True,0.995,0.995,True,"head_cam_left,head_cam_right,wrist_cam_left,wrist_cam_right",True,4,2,30.0,0.25,2,
013,013,C:/Users/ceti/Documents/05_data/teleop-sorting/avatar\013\episode.hdf5,2047,1990,0.972,68.2,success,159689411,0,"{""blue"": ""bin_1"", ""red"": ""bin_2""}",True,0.987,0.989,True,"head_cam_left,head_cam_right,wrist_cam_left,wrist_cam_right",True,4,2,30.0,0.25,2,
014,014,C:/Users/ceti/Documents/05_data/teleop-sorting/avatar\014\episode.hdf5,2042,1974,0.967,68.033,success,1389562501,1,"{""blue"": ""bin_1"", ""red"": ""bin_2""}",True,0.963,0.962,True,"head_cam_left,head_cam_right,wrist_cam_left,wrist_cam_right",True,4,2,30.0,0.25,2,
015,015,C:/Users/ceti/Documents/05_data/teleop-sorting/avatar\015\episode.hdf5,2460,2369,0.963,81.967,success,2073711813,0,"{""blue"": ""bin_1"", ""red"": ""bin_2""}",True,0.973,0.973,True,"head_cam_left,head_cam_right,wrist_cam_left,wrist_cam_right",True,4,2,30.0,0.25,2,
016,016,C:/Users/ceti/Documents/05_data/teleop-sorting/avatar\016\episode.hdf5,2255,2038,0.904,75.133,success,1609153631,0,"{""blue"": ""bin_1"", ""red"": ""bin_2""}",True,0.556,0.576,True,"head_cam_left,head_cam_right,wrist_cam_left,wrist_cam_right",True,4,2,30.0,0.25,2,
017,017,C:/Users/ceti/Documents/05_data/teleop-sorting/avatar\017\episode.hdf5,3923,2093,0.534,130.733,success,477510672,1,"{""blue"": ""bin_1"", ""red"": ""bin_2""}",True,0.996,0.993,True,"head_cam_left,head_cam_right,wrist_cam_left,wrist_cam_right",True,4,2,30.0,0.25,2,
018,018,C:/Users/ceti/Documents/05_data/teleop-sorting/avatar\018\episode.hdf5,2300,2214,0.963,76.633,success,2087406226,1,"{""blue"": ""bin_1"", ""red"": ""bin_2""}",True,0.983,0.986,True,"head_cam_left,head_cam_right,wrist_cam_left,wrist_cam_right",True,4,2,30.0,0.25,2,
019,019,C:/Users/ceti/Documents/05_data/teleop-sorting/avatar\019\episode.hdf5,1900,1780,0.937,63.3,success,1770952574,1,"{""blue"": ""bin_1"", ""red"": ""bin_2""}",True,0.98,0.979,True,"head_cam_left,head_cam_right,wrist_cam_left,wrist_cam_right",True,4,2,30.0,0.25,2,
020,020,C:/Users/ceti/Documents/05_data/teleop-sorting/avatar\020\episode.hdf5,2352,2244,0.954,78.367,success,687056336,1,"{""blue"": ""bin_1"", ""red"": ""bin_2""}",True,0.972,0.971,True,"head_cam_left,head_cam_right,wrist_cam_left,wrist_cam_right",True,4,2,30.0,0.25,2,
021,021,C:/Users/ceti/Documents/05_data/teleop-sorting/avatar\021\episode.hdf5,2204,2063,0.936,73.433,partial,1798006156,1,"{""blue"": ""bin_1"", ""red"": ""bin_2""}",True,0.965,0.962,True,"head_cam_left,head_cam_right,wrist_cam_left,wrist_cam_right",True,4,2,30.0,0.25,2,
022,022,C:/Users/ceti/Documents/05_data/teleop-sorting/avatar\022\episode.hdf5,1950,1846,0.947,64.967,partial,167322647,0,"{""blue"": ""bin_1"", ""red"": ""bin_2""}",True,0.969,0.967,True,"head_cam_left,head_cam_right,wrist_cam_left,wrist_cam_right",True,4,2,30.0,0.25,2,
023,023,C:/Users/ceti/Documents/05_data/teleop-sorting/avatar\023\episode.hdf5,2069,1961,0.948,68.933,success,1395452544,0,"{""blue"": ""bin_1"", ""red"": ""bin_2""}",True,0.971,0.969,True,"head_cam_left,head_cam_right,wrist_cam_left,wrist_cam_right",True,4,2,30.0,0.25,2,
024,024,C:/Users/ceti/Documents/05_data/teleop-sorting/avatar\024\episode.hdf5,1870,1595,0.853,62.3,success,859840911,1,"{""blue"": ""bin_1"", ""red"": ""bin_2""}",True,0.976,0.975,True,"head_cam_left,head_cam_right,wrist_cam_left,wrist_cam_right",True,4,2,30.0,0.25,2,
025,025,C:/Users/ceti/Documents/05_data/teleop-sorting/avatar\025\episode.hdf5,1682,1631,0.97,56.033,success,1328085481,0,"{""blue"": ""bin_1"", ""red"": ""bin_2""}",True,0.985,0.985,True,"head_cam_left,head_cam_right,wrist_cam_left,wrist_cam_right",True,4,2,30.0,0.25,2,
026,026,C:/Users/ceti/Documents/05_data/teleop-sorting/avatar\026\episode.hdf5,3018,2713,0.899,100.567,success,329370782,0,"{""blue"": ""bin_1"", ""red"": ""bin_2""}",True,0.952,0.954,True,"head_cam_left,head_cam_right,wrist_cam_left,wrist_cam_right",True,4,2,30.0,0.25,2,
027,027,C:/Users/ceti/Documents/05_data/teleop-sorting/avatar\027\episode.hdf5,1784,1703,0.955,59.433,success,592249462,0,"{""blue"": ""bin_1"", ""red"": ""bin_2""}",True,0.977,0.976,True,"head_cam_left,head_cam_right,wrist_cam_left,wrist_cam_right",True,4,2,30.0,0.25,2,
028,028,C:/Users/ceti/Documents/05_data/teleop-sorting/avatar\028\episode.hdf5,1908,1807,0.947,63.567,success,186532217,0,"{""blue"": ""bin_1"", ""red"": ""bin_2""}",True,0.979,0.977,True,"head_cam_left,head_cam_right,wrist_cam_left,wrist_cam_right",True,4,2,30.0,0.25,2,
029,029,C:/Users/ceti/Documents/05_data/teleop-sorting/avatar\029\episode.hdf5,1709,1673,0.979,56.933,partial,621184396,0,"{""blue"": ""bin_1"", ""red"": ""bin_2""}",True,0.983,0.983,True,"head_cam_left,head_cam_right,wrist_cam_left,wrist_cam_right",True,4,2,30.0,0.25,2,
030,030,C:/Users/ceti/Documents/05_data/teleop-sorting/avatar\030\episode.hdf5,2237,2108,0.942,74.533,success,1403957093,1,"{""blue"": ""bin_1"", ""red"": ""bin_2""}",True,0.966,0.964,True,"head_cam_left,head_cam_right,wrist_cam_left,wrist_cam_right",True,4,2,30.0,0.25,2,
031,031,C:/Users/ceti/Documents/05_data/teleop-sorting/avatar\031\episode.hdf5,1853,1714,0.925,61.733,success,965321231,0,"{""blue"": ""bin_1"", ""red"": ""bin_2""}",True,0.978,0.976,True,"head_cam_left,head_cam_right,wrist_cam_left,wrist_cam_right",True,4,2,30.0,0.25,2,
032,032,C:/Users/ceti/Documents/05_data/teleop-sorting/avatar\032\episode.hdf5,1827,1688,0.924,60.867,partial,239130039,1,"{""blue"": ""bin_1"", ""red"": ""bin_2""}",True,0.972,0.976,True,"head_cam_left,head_cam_right,wrist_cam_left,wrist_cam_right",True,4,2,30.0,0.25,2,
033,033,C:/Users/ceti/Documents/05_data/teleop-sorting/avatar\033\episode.hdf5,2991,2806,0.938,99.667,success,804233722,0,"{""blue"": ""bin_1"", ""red"": ""bin_2""}",True,0.986,0.986,True,"head_cam_left,head_cam_right,wrist_cam_left,wrist_cam_right",True,4,2,30.0,0.25,2,
034,034,C:/Users/ceti/Documents/05_data/teleop-sorting/avatar\034\episode.hdf5,1767,1701,0.963,58.867,success,1636042193,1,"{""blue"": ""bin_1"", ""red"": ""bin_2""}",True,0.985,0.989,True,"head_cam_left,head_cam_right,wrist_cam_left,wrist_cam_right",True,4,2,30.0,0.25,2,
035,035,C:/Users/ceti/Documents/05_data/teleop-sorting/avatar\035\episode.hdf5,3098,2968,0.958,103.233,success,871152285,0,"{""blue"": ""bin_1"", ""red"": ""bin_2""}",True,0.957,0.956,True,"head_cam_left,head_cam_right,wrist_cam_left,wrist_cam_right",True,4,2,30.0,0.25,2,
036,036,C:/Users/ceti/Documents/05_data/teleop-sorting/avatar\036\episode.hdf5,1677,1549,0.924,55.867,success,1262150038,0,"{""blue"": ""bin_1"", ""red"": ""bin_2""}",True,0.982,0.981,True,"head_cam_left,head_cam_right,wrist_cam_left,wrist_cam_right",True,4,2,30.0,0.25,2,
037,037,C:/Users/ceti/Documents/05_data/teleop-sorting/avatar\037\episode.hdf5,1551,1530,0.986,51.667,success,1194329931,0,"{""blue"": ""bin_1"", ""red"": ""bin_2""}",True,0.976,0.976,True,"head_cam_left,head_cam_right,wrist_cam_left,wrist_cam_right",True,4,2,30.0,0.25,2,
038,038,C:/Users/ceti/Documents/05_data/teleop-sorting/avatar\038\episode.hdf5,1905,1792,0.941,63.467,success,631070635,1,"{""blue"": ""bin_1"", ""red"": ""bin_2""}",True,0.923,0.92,True,"head_cam_left,head_cam_right,wrist_cam_left,wrist_cam_right",True,4,2,30.0,0.25,2,
039,039,C:/Users/ceti/Documents/05_data/teleop-sorting/avatar\039\episode.hdf5,2671,2577,0.965,89.0,success,122577790,0,"{""blue"": ""bin_1"", ""red"": ""bin_2""}",True,0.984,0.983,True,"head_cam_left,head_cam_right,wrist_cam_left,wrist_cam_right",True,4,2,30.0,0.25,2,
040,040,C:/Users/ceti/Documents/05_data/teleop-sorting/avatar\040\episode.hdf5,1868,1794,0.96,62.233,success,1457952789,0,"{""blue"": ""bin_1"", ""red"": ""bin_2""}",True,0.969,0.968,True,"head_cam_left,head_cam_right,wrist_cam_left,wrist_cam_right",True,4,2,30.0,0.25,2,
041,041,C:/Users/ceti/Documents/05_data/teleop-sorting/avatar\041\episode.hdf5,1948,1716,0.881,64.9,success,647305697,1,"{""blue"": ""bin_1"", ""red"": ""bin_2""}",True,0.972,0.971,True,"head_cam_left,head_cam_right,wrist_cam_left,wrist_cam_right",True,4,2,30.0,0.25,2,
042,042,C:/Users/ceti/Documents/05_data/teleop-sorting/avatar\042\episode.hdf5,1912,1664,0.87,63.7,success,1518644280,1,"{""blue"": ""bin_1"", ""red"": ""bin_2""}",True,0.965,0.962,True,"head_cam_left,head_cam_right,wrist_cam_left,wrist_cam_right",True,4,2,30.0,0.25,2,
043,043,C:/Users/ceti/Documents/05_data/teleop-sorting/avatar\043\episode.hdf5,2732,1888,0.691,91.033,success,374014836,0,"{""blue"": ""bin_1"", ""red"": ""bin_2""}",True,0.992,0.988,True,"head_cam_left,head_cam_right,wrist_cam_left,wrist_cam_right",True,4,2,30.0,0.25,2,
044,044,C:/Users/ceti/Documents/05_data/teleop-sorting/avatar\044\episode.hdf5,3767,2556,0.679,125.533,success,1605788806,1,"{""blue"": ""bin_1"", ""red"": ""bin_2""}",True,0.993,0.99,True,"head_cam_left,head_cam_right,wrist_cam_left,wrist_cam_right",True,4,2,30.0,0.25,2,
045,045,C:/Users/ceti/Documents/05_data/teleop-sorting/avatar\045\episode.hdf5,2022,1928,0.954,67.367,success,1319867536,1,"{""blue"": ""bin_1"", ""red"": ""bin_2""}",True,0.977,0.978,True,"head_cam_left,head_cam_right,wrist_cam_left,wrist_cam_right",True,4,2,30.0,0.25,2,
046,046,C:/Users/ceti/Documents/05_data/teleop-sorting/avatar\046\episode.hdf5,1919,1833,0.955,63.933,success,2118226890,0,"{""blue"": ""bin_1"", ""red"": ""bin_2""}",True,0.987,0.987,True,"head_cam_left,head_cam_right,wrist_cam_left,wrist_cam_right",True,4,2,30.0,0.25,2,
047,047,C:/Users/ceti/Documents/05_data/teleop-sorting/avatar\047\episode.hdf5,2003,1892,0.945,66.733,success,776153266,0,"{""blue"": ""bin_1"", ""red"": ""bin_2""}",True,0.99,0.989,True,"head_cam_left,head_cam_right,wrist_cam_left,wrist_cam_right",True,4,2,30.0,0.25,2,
048,048,C:/Users/ceti/Documents/05_data/teleop-sorting/avatar\048\episode.hdf5,1890,1786,0.945,62.967,success,609046221,1,"{""blue"": ""bin_1"", ""red"": ""bin_2""}",True,0.97,0.968,True,"head_cam_left,head_cam_right,wrist_cam_left,wrist_cam_right",True,4,2,30.0,0.25,2,
049,049,C:/Users/ceti/Documents/05_data/teleop-sorting/avatar\049\episode.hdf5,1863,1761,0.945,62.067,success,1156586020,0,"{""blue"": ""bin_1"", ""red"": ""bin_2""}",True,0.977,0.98,True,"head_cam_left,head_cam_right,wrist_cam_left,wrist_cam_right",True,4,2,30.0,0.25,2,
050,050,C:/Users/ceti/Documents/05_data/teleop-sorting/avatar\050\episode.hdf5,2014,1959,0.973,67.1,success,1622601911,0,"{""blue"": ""bin_1"", ""red"": ""bin_2""}",True,0.968,0.97,True,"head_cam_left,head_cam_right,wrist_cam_left,wrist_cam_right",True,4,2,30.0,0.25,2,
051,051,C:/Users/ceti/Documents/05_data/teleop-sorting/avatar\051\episode.hdf5,2360,2243,0.95,78.633,success,1546506023,1,"{""blue"": ""bin_1"", ""red"": ""bin_2""}",True,0.958,0.957,True,"head_cam_left,head_cam_right,wrist_cam_left,wrist_cam_right",True,4,2,30.0,0.25,2,
052,052,C:/Users/ceti/Documents/05_data/teleop-sorting/avatar\052\episode.hdf5,1854,1701,0.917,61.767,success,1723515851,1,"{""blue"": ""bin_1"", ""red"": ""bin_2""}",True,0.971,0.971,True,"head_cam_left,head_cam_right,wrist_cam_left,wrist_cam_right",True,4,2,30.0,0.25,2,
053,053,C:/Users/ceti/Documents/05_data/teleop-sorting/avatar\053\episode.hdf5,2204,1869,0.848,73.433,success,927068478,0,"{""blue"": ""bin_1"", ""red"": ""bin_2""}",True,0.997,0.996,True,"head_cam_left,head_cam_right,wrist_cam_left,wrist_cam_right",True,4,2,30.0,0.25,2,
054,054,C:/Users/ceti/Documents/05_data/teleop-sorting/avatar\054\episode.hdf5,2097,2029,0.968,69.867,success,1412499405,1,"{""blue"": ""bin_1"", ""red"": ""bin_2""}",True,0.974,0.973,True,"head_cam_left,head_cam_right,wrist_cam_left,wrist_cam_right",True,4,2,30.0,0.25,2,
055,055,C:/Users/ceti/Documents/05_data/teleop-sorting/avatar\055\episode.hdf5,2512,2145,0.854,83.7,failure,1362534692,0,"{""blue"": ""bin_1"", ""red"": ""bin_2""}",True,0.996,0.995,True,"head_cam_left,head_cam_right,wrist_cam_left,wrist_cam_right",True,4,2,30.0,0.25,2,
056,056,C:/Users/ceti/Documents/05_data/teleop-sorting/avatar\056\episode.hdf5,1883,1814,0.963,62.733,success,1636382199,0,"{""blue"": ""bin_1"", ""red"": ""bin_2""}",True,0.994,0.994,True,"head_cam_left,head_cam_right,wrist_cam_left,wrist_cam_right",True,4,2,30.0,0.25,2,
057,057,C:/Users/ceti/Documents/05_data/teleop-sorting/avatar\057\episode.hdf5,1701,1634,0.961,56.667,success,1101758724,0,"{""blue"": ""bin_1"", ""red"": ""bin_2""}",True,0.983,0.983,True,"head_cam_left,head_cam_right,wrist_cam_left,wrist_cam_right",True,4,2,30.0,0.25,2,
058,058,C:/Users/ceti/Documents/05_data/teleop-sorting/avatar\058\episode.hdf5,1783,1666,0.934,59.4,success,801595874,1,"{""blue"": ""bin_1"", ""red"": ""bin_2""}",True,0.975,0.974,True,"head_cam_left,head_cam_right,wrist_cam_left,wrist_cam_right",True,4,2,30.0,0.25,2,
059,059,C:/Users/ceti/Documents/05_data/teleop-sorting/avatar\059\episode.hdf5,1912,1839,0.962,63.7,success,1643691494,1,"{""blue"": ""bin_1"", ""red"": ""bin_2""}",True,0.99,0.99,True,"head_cam_left,head_cam_right,wrist_cam_left,wrist_cam_right",True,4,2,30.0,0.25,2,
060,060,C:/Users/ceti/Documents/05_data/teleop-sorting/avatar\060\episode.hdf5,2345,2299,0.98,78.133,success,369712063,0,"{""blue"": ""bin_1"", ""red"": ""bin_2""}",True,0.985,0.985,True,"head_cam_left,head_cam_right,wrist_cam_left,wrist_cam_right",True,4,2,30.0,0.25,2,
061,061,C:/Users/ceti/Documents/05_data/teleop-sorting/avatar\061\episode.hdf5,1966,1890,0.961,65.5,success,417019111,1,"{""blue"": ""bin_1"", ""red"": ""bin_2""}",True,0.985,0.985,True,"head_cam_left,head_cam_right,wrist_cam_left,wrist_cam_right",True,4,2,30.0,0.25,2,
062,062,C:/Users/ceti/Documents/05_data/teleop-sorting/avatar\062\episode.hdf5,1701,1601,0.941,56.667,success,2055300940,1,"{""blue"": ""bin_1"", ""red"": ""bin_2""}",True,0.975,0.981,True,"head_cam_left,head_cam_right,wrist_cam_left,wrist_cam_right",True,4,2,30.0,0.25,2,
063,063,C:/Users/ceti/Documents/05_data/teleop-sorting/avatar\063\episode.hdf5,1940,1838,0.947,64.633,success,707956493,0,"{""blue"": ""bin_1"", ""red"": ""bin_2""}",True,0.983,0.982,True,"head_cam_left,head_cam_right,wrist_cam_left,wrist_cam_right",True,4,2,30.0,0.25,2,
064,064,C:/Users/ceti/Documents/05_data/teleop-sorting/avatar\064\episode.hdf5,1624,1556,0.958,54.1,success,101948759,1,"{""blue"": ""bin_1"", ""red"": ""bin_2""}",True,0.973,0.972,True,"head_cam_left,head_cam_right,wrist_cam_left,wrist_cam_right",True,4,2,30.0,0.25,2,
065,065,C:/Users/ceti/Documents/05_data/teleop-sorting/avatar\065\episode.hdf5,2050,1960,0.956,68.3,success,991266627,0,"{""blue"": ""bin_1"", ""red"": ""bin_2""}",True,0.964,0.968,True,"head_cam_left,head_cam_right,wrist_cam_left,wrist_cam_right",True,4,2,30.0,0.25,2,
066,066,C:/Users/ceti/Documents/05_data/teleop-sorting/avatar\066\episode.hdf5,2162,2078,0.961,72.033,success,1179399866,1,"{""blue"": ""bin_1"", ""red"": ""bin_2""}",True,0.963,0.968,True,"head_cam_left,head_cam_right,wrist_cam_left,wrist_cam_right",True,4,2,30.0,0.25,2,
067,067,C:/Users/ceti/Documents/05_data/teleop-sorting/avatar\067\episode.hdf5,1678,1616,0.963,55.9,success,1750508657,1,"{""blue"": ""bin_1"", ""red"": ""bin_2""}",True,0.986,0.986,True,"head_cam_left,head_cam_right,wrist_cam_left,wrist_cam_right",True,4,2,30.0,0.25,2,
068,068,C:/Users/ceti/Documents/05_data/teleop-sorting/avatar\068\episode.hdf5,1607,1541,0.959,53.533,success,715129891,1,"{""blue"": ""bin_1"", ""red"": ""bin_2""}",True,0.986,0.985,True,"head_cam_left,head_cam_right,wrist_cam_left,wrist_cam_right",True,4,2,30.0,0.25,2,
069,069,C:/Users/ceti/Documents/05_data/teleop-sorting/avatar\069\episode.hdf5,1812,1753,0.967,60.367,success,921201927,1,"{""blue"": ""bin_1"", ""red"": ""bin_2""}",True,0.984,0.983,True,"head_cam_left,head_cam_right,wrist_cam_left,wrist_cam_right",True,4,2,30.0,0.25,2,
071,071,C:/Users/ceti/Documents/05_data/teleop-sorting/avatar\071\episode.hdf5,2230,1891,0.848,74.3,success,512193812,0,"{""blue"": ""bin_1"", ""red"": ""bin_2""}",True,0.833,0.983,True,"head_cam_left,head_cam_right,wrist_cam_left,wrist_cam_right",True,4,2,30.0,0.25,2,
072,072,C:/Users/ceti/Documents/05_data/teleop-sorting/avatar\072\episode.hdf5,1907,1870,0.981,63.533,success,215930289,1,"{""blue"": ""bin_1"", ""red"": ""bin_2""}",True,0.988,0.988,True,"head_cam_left,head_cam_right,wrist_cam_left,wrist_cam_right",True,4,2,30.0,0.25,2,
073,073,C:/Users/ceti/Documents/05_data/teleop-sorting/avatar\073\episode.hdf5,1867,1764,0.945,62.2,success,719128672,0,"{""blue"": ""bin_1"", ""red"": ""bin_2""}",True,0.989,0.988,True,"head_cam_left,head_cam_right,wrist_cam_left,wrist_cam_right",True,4,2,30.0,0.25,2,
074,074,C:/Users/ceti/Documents/05_data/teleop-sorting/avatar\074\episode.hdf5,1783,1698,0.952,59.4,success,1400885465,1,"{""blue"": ""bin_1"", ""red"": ""bin_2""}",True,0.992,0.991,True,"head_cam_left,head_cam_right,wrist_cam_left,wrist_cam_right",True,4,2,30.0,0.25,2,
075,075,C:/Users/ceti/Documents/05_data/teleop-sorting/avatar\075\episode.hdf5,2161,2060,0.953,72.0,success,1989376516,0,"{""blue"": ""bin_1"", ""red"": ""bin_2""}",True,0.967,0.967,True,"head_cam_left,head_cam_right,wrist_cam_left,wrist_cam_right",True,4,2,30.0,0.25,2,
076,076,C:/Users/ceti/Documents/05_data/teleop-sorting/avatar\076\episode.hdf5,1698,1639,0.965,56.567,success,1465290685,0,"{""blue"": ""bin_1"", ""red"": ""bin_2""}",True,0.99,0.99,True,"head_cam_left,head_cam_right,wrist_cam_left,wrist_cam_right",True,4,2,30.0,0.25,2,
077,077,C:/Users/ceti/Documents/05_data/teleop-sorting/avatar\077\episode.hdf5,2574,2463,0.957,85.767,success,1851960881,1,"{""blue"": ""bin_1"", ""red"": ""bin_2""}",True,0.985,0.985,True,"head_cam_left,head_cam_right,wrist_cam_left,wrist_cam_right",True,4,2,30.0,0.25,2,
078,078,C:/Users/ceti/Documents/05_data/teleop-sorting/avatar\078\episode.hdf5,2059,1978,0.961,68.6,success,1293456790,1,"{""blue"": ""bin_1"", ""red"": ""bin_2""}",True,0.964,0.962,True,"head_cam_left,head_cam_right,wrist_cam_left,wrist_cam_right",True,4,2,30.0,0.25,2,
079,079,C:/Users/ceti/Documents/05_data/teleop-sorting/avatar\079\episode.hdf5,1862,1775,0.953,62.033,success,181670540,1,"{""blue"": ""bin_1"", ""red"": ""bin_2""}",True,0.965,0.964,True,"head_cam_left,head_cam_right,wrist_cam_left,wrist_cam_right",True,4,2,30.0,0.25,2,
080,080,C:/Users/ceti/Documents/05_data/teleop-sorting/avatar\080\episode.hdf5,1769,1698,0.96,58.933,success,697411831,1,"{""blue"": ""bin_1"", ""red"": ""bin_2""}",True,0.971,0.97,True,"head_cam_left,head_cam_right,wrist_cam_left,wrist_cam_right",True,4,2,30.0,0.25,2,
081,081,C:/Users/ceti/Documents/05_data/teleop-sorting/avatar\081\episode.hdf5,2418,1777,0.735,80.567,success,1416457074,1,"{""blue"": ""bin_1"", ""red"": ""bin_2""}",True,0.985,0.979,True,"head_cam_left,head_cam_right,wrist_cam_left,wrist_cam_right",True,4,2,30.0,0.25,2,
082,082,C:/Users/ceti/Documents/05_data/teleop-sorting/avatar\082\episode.hdf5,1641,1557,0.949,54.667,success,830021075,0,"{""blue"": ""bin_1"", ""red"": ""bin_2""}",True,0.988,0.987,True,"head_cam_left,head_cam_right,wrist_cam_left,wrist_cam_right",True,4,2,30.0,0.25,2,
083,083,C:/Users/ceti/Documents/05_data/teleop-sorting/avatar\083\episode.hdf5,1655,1584,0.957,55.133,success,1253524356,0,"{""blue"": ""bin_1"", ""red"": ""bin_2""}",True,0.984,0.984,True,"head_cam_left,head_cam_right,wrist_cam_left,wrist_cam_right",True,4,2,30.0,0.25,2,
084,084,C:/Users/ceti/Documents/05_data/teleop-sorting/avatar\084\episode.hdf5,1959,1851,0.945,65.267,success,2038042022,1,"{""blue"": ""bin_1"", ""red"": ""bin_2""}",True,0.99,0.989,True,"head_cam_left,head_cam_right,wrist_cam_left,wrist_cam_right",True,4,2,30.0,0.25,2,
085,085,C:/Users/ceti/Documents/05_data/teleop-sorting/avatar\085\episode.hdf5,1678,1602,0.955,55.9,success,1114587503,1,"{""blue"": ""bin_1"", ""red"": ""bin_2""}",True,0.981,0.981,True,"head_cam_left,head_cam_right,wrist_cam_left,wrist_cam_right",True,4,2,30.0,0.25,2,
086,086,C:/Users/ceti/Documents/05_data/teleop-sorting/avatar\086\episode.hdf5,2436,2381,0.977,81.167,success,1903872286,1,"{""blue"": ""bin_1"", ""red"": ""bin_2""}",True,0.974,0.975,True,"head_cam_left,head_cam_right,wrist_cam_left,wrist_cam_right",True,4,2,30.0,0.25,2,
087,087,C:/Users/ceti/Documents/05_data/teleop-sorting/avatar\087\episode.hdf5,2476,2341,0.945,82.5,success,310384174,1,"{""blue"": ""bin_1"", ""red"": ""bin_2""}",True,0.983,0.982,True,"head_cam_left,head_cam_right,wrist_cam_left,wrist_cam_right",True,4,2,30.0,0.25,2,
088,088,C:/Users/ceti/Documents/05_data/teleop-sorting/avatar\088\episode.hdf5,1740,1656,0.952,57.967,success,867173746,0,"{""blue"": ""bin_1"", ""red"": ""bin_2""}",True,0.989,0.989,True,"head_cam_left,head_cam_right,wrist_cam_left,wrist_cam_right",True,4,2,30.0,0.25,2,
089,089,C:/Users/ceti/Documents/05_data/teleop-sorting/avatar\089\episode.hdf5,2244,2187,0.975,74.767,success,1515401358,0,"{""blue"": ""bin_1"", ""red"": ""bin_2""}",True,0.983,0.982,True,"head_cam_left,head_cam_right,wrist_cam_left,wrist_cam_right",True,4,2,30.0,0.25,2,
090,090,C:/Users/ceti/Documents/05_data/teleop-sorting/avatar\090\episode.hdf5,2133,2042,0.957,71.067,success,1706421439,1,"{""blue"": ""bin_1"", ""red"": ""bin_2""}",True,0.993,0.993,True,"head_cam_left,head_cam_right,wrist_cam_left,wrist_cam_right",True,4,2,30.0,0.25,2,
091,091,C:/Users/ceti/Documents/05_data/teleop-sorting/avatar\091\episode.hdf5,1876,1784,0.951,62.5,success,1027496002,0,"{""blue"": ""bin_1"", ""red"": ""bin_2""}",True,0.963,0.961,True,"head_cam_left,head_cam_right,wrist_cam_left,wrist_cam_right",True,4,2,30.0,0.25,2,
092,092,C:/Users/ceti/Documents/05_data/teleop-sorting/avatar\092\episode.hdf5,3864,2073,0.536,128.767,success,1227584093,0,"{""blue"": ""bin_1"", ""red"": ""bin_2""}",True,0.988,0.977,True,"head_cam_left,head_cam_right,wrist_cam_left,wrist_cam_right",True,4,2,30.0,0.25,2,
093,093,C:/Users/ceti/Documents/05_data/teleop-sorting/avatar\093\episode.hdf5,1761,1689,0.959,58.667,failure,56831995,1,"{""blue"": ""bin_1"", ""red"": ""bin_2""}",True,0.991,0.991,True,"head_cam_left,head_cam_right,wrist_cam_left,wrist_cam_right",True,4,2,30.0,0.25,2,
094,094,C:/Users/ceti/Documents/05_data/teleop-sorting/avatar\094\episode.hdf5,1850,1747,0.944,61.633,success,620209853,1,"{""blue"": ""bin_1"", ""red"": ""bin_2""}",True,0.989,0.989,True,"head_cam_left,head_cam_right,wrist_cam_left,wrist_cam_right",True,4,2,30.0,0.25,2,
095,095,C:/Users/ceti/Documents/05_data/teleop-sorting/avatar\095\episode.hdf5,1688,1575,0.933,56.233,success,856373139,0,"{""blue"": ""bin_1"", ""red"": ""bin_2""}",True,0.988,0.99,True,"head_cam_left,head_cam_right,wrist_cam_left,wrist_cam_right",True,4,2,30.0,0.25,2,
096,096,C:/Users/ceti/Documents/05_data/teleop-sorting/avatar\096\episode.hdf5,2056,1945,0.946,68.5,success,655638367,0,"{""blue"": ""bin_1"", ""red"": ""bin_2""}",True,0.981,0.986,True,"head_cam_left,head_cam_right,wrist_cam_left,wrist_cam_right",True,4,2,30.0,0.25,2,
097,097,C:/Users/ceti/Documents/05_data/teleop-sorting/avatar\097\episode.hdf5,1767,1691,0.957,58.867,success,2063002044,1,"{""blue"": ""bin_1"", ""red"": ""bin_2""}",True,0.931,0.928,True,"head_cam_left,head_cam_right,wrist_cam_left,wrist_cam_right",True,4,2,30.0,0.25,2,
098,098,C:/Users/ceti/Documents/05_data/teleop-sorting/avatar\098\episode.hdf5,1670,1580,0.946,55.633,success,734444628,1,"{""blue"": ""bin_1"", ""red"": ""bin_2""}",True,0.976,0.985,True,"head_cam_left,head_cam_right,wrist_cam_left,wrist_cam_right",True,4,2,30.0,0.25,2,
099,099,C:/Users/ceti/Documents/05_data/teleop-sorting/avatar\099\episode.hdf5,1647,1552,0.942,54.867,success,1786944223,1,"{""blue"": ""bin_1"", ""red"": ""bin_2""}",True,0.967,0.965,True,"head_cam_left,head_cam_right,wrist_cam_left,wrist_cam_right",True,4,2,30.0,0.25,2,
100,100,C:/Users/ceti/Documents/05_data/teleop-sorting/avatar\100\episode.hdf5,1562,1464,0.937,52.033,success,318500853,1,"{""blue"": ""bin_1"", ""red"": ""bin_2""}",True,0.972,0.971,True,"head_cam_left,head_cam_right,wrist_cam_left,wrist_cam_right",True,4,2,30.0,0.25,2,
101,101,C:/Users/ceti/Documents/05_data/teleop-sorting/avatar\101\episode.hdf5,2166,2098,0.969,72.167,success,957902999,1,"{""blue"": ""bin_1"", ""red"": ""bin_2""}",True,0.99,0.99,True,"head_cam_left,head_cam_right,wrist_cam_left,wrist_cam_right",True,4,2,30.0,0.25,2,
102,102,C:/Users/ceti/Documents/05_data/teleop-sorting/avatar\102\episode.hdf5,2738,2670,0.975,91.233,success,1545876062,1,"{""blue"": ""bin_1"", ""red"": ""bin_2""}",True,0.97,0.973,True,"head_cam_left,head_cam_right,wrist_cam_left,wrist_cam_right",True,4,2,30.0,0.25,2,
103,103,C:/Users/ceti/Documents/05_data/teleop-sorting/avatar\103\episode.hdf5,1562,1451,0.929,52.033,success,1555350980,0,"{""blue"": ""bin_1"", ""red"": ""bin_2""}",True,0.98,0.982,True,"head_cam_left,head_cam_right,wrist_cam_left,wrist_cam_right",True,4,2,30.0,0.25,2,
104,104,C:/Users/ceti/Documents/05_data/teleop-sorting/avatar\104\episode.hdf5,2096,2035,0.971,69.833,success,1668116951,1,"{""blue"": ""bin_1"", ""red"": ""bin_2""}",True,0.98,0.98,True,"head_cam_left,head_cam_right,wrist_cam_left,wrist_cam_right",True,4,2,30.0,0.25,2,
105,105,C:/Users/ceti/Documents/05_data/teleop-sorting/avatar\105\episode.hdf5,1598,1515,0.948,53.233,success,1099215822,0,"{""blue"": ""bin_1"", ""red"": ""bin_2""}",True,0.969,0.968,True,"head_cam_left,head_cam_right,wrist_cam_left,wrist_cam_right",True,4,2,30.0,0.25,2,
106,106,C:/Users/ceti/Documents/05_data/teleop-sorting/avatar\106\episode.hdf5,1584,1488,0.939,52.767,success,730615535,1,"{""blue"": ""bin_1"", ""red"": ""bin_2""}",True,0.963,0.962,True,"head_cam_left,head_cam_right,wrist_cam_left,wrist_cam_right",True,4,2,30.0,0.25,2,
107,107,C:/Users/ceti/Documents/05_data/teleop-sorting/avatar\107\episode.hdf5,1508,1399,0.928,50.233,success,1025714776,1,"{""blue"": ""bin_1"", ""red"": ""bin_2""}",True,0.948,0.944,True,"head_cam_left,head_cam_right,wrist_cam_left,wrist_cam_right",True,4,2,30.0,0.25,2,
108,108,C:/Users/ceti/Documents/05_data/teleop-sorting/avatar\108\episode.hdf5,1732,1670,0.964,57.7,success,998614779,0,"{""blue"": ""bin_1"", ""red"": ""bin_2""}",True,0.962,0.96,True,"head_cam_left,head_cam_right,wrist_cam_left,wrist_cam_right",True,4,2,30.0,0.25,2,
109,109,C:/Users/ceti/Documents/05_data/teleop-sorting/avatar\109\episode.hdf5,2013,1915,0.951,67.067,success,1179984878,1,"{""blue"": ""bin_1"", ""red"": ""bin_2""}",True,0.916,0.912,True,"head_cam_left,head_cam_right,wrist_cam_left,wrist_cam_right",True,4,2,30.0,0.25,2,
110,110,C:/Users/ceti/Documents/05_data/teleop-sorting/avatar\110\episode.hdf5,1834,1731,0.944,61.1,success,1960382432,1,"{""blue"": ""bin_1"", ""red"": ""bin_2""}",True,0.973,0.971,True,"head_cam_left,head_cam_right,wrist_cam_left,wrist_cam_right",True,4,2,30.0,0.25,2,
111,111,C:/Users/ceti/Documents/05_data/teleop-sorting/avatar\111\episode.hdf5,1816,1715,0.944,60.5,success,1041090724,0,"{""blue"": ""bin_1"", ""red"": ""bin_2""}",True,0.963,0.976,True,"head_cam_left,head_cam_right,wrist_cam_left,wrist_cam_right",True,4,2,30.0,0.25,2,
112,112,C:/Users/ceti/Documents/05_data/teleop-sorting/avatar\112\episode.hdf5,1956,1847,0.944,65.167,success,1976658528,1,"{""blue"": ""bin_1"", ""red"": ""bin_2""}",True,0.966,0.965,True,"head_cam_left,head_cam_right,wrist_cam_left,wrist_cam_right",True,4,2,30.0,0.25,2,
113,113,C:/Users/ceti/Documents/05_data/teleop-sorting/avatar\113\episode.hdf5,1609,1493,0.928,53.6,success,1617400748,0,"{""blue"": ""bin_1"", ""red"": ""bin_2""}",True,0.996,0.996,True,"head_cam_left,head_cam_right,wrist_cam_left,wrist_cam_right",True,4,2,30.0,0.25,2,
114,114,C:/Users/ceti/Documents/05_data/teleop-sorting/avatar\114\episode.hdf5,1478,1404,0.95,49.233,success,776995871,1,"{""blue"": ""bin_1"", ""red"": ""bin_2""}",True,0.979,0.978,True,"head_cam_left,head_cam_right,wrist_cam_left,wrist_cam_right",True,4,2,30.0,0.25,2,
115,115,C:/Users/ceti/Documents/05_data/teleop-sorting/avatar\115\episode.hdf5,2078,1970,0.948,69.233,success,41783450,1,"{""blue"": ""bin_1"", ""red"": ""bin_2""}",True,0.943,0.94,True,"head_cam_left,head_cam_right,wrist_cam_left,wrist_cam_right",True,4,2,30.0,0.25,2,
116,116,C:/Users/ceti/Documents/05_data/teleop-sorting/avatar\116\episode.hdf5,1778,1670,0.939,59.233,success,594544910,0,"{""blue"": ""bin_1"", ""red"": ""bin_2""}",True,0.973,0.971,True,"head_cam_left,head_cam_right,wrist_cam_left,wrist_cam_right",True,4,2,30.0,0.25,2,
117,117,C:/Users/ceti/Documents/05_data/teleop-sorting/avatar\117\episode.hdf5,1848,1738,0.94,61.567,success,1896204137,1,"{""blue"": ""bin_1"", ""red"": ""bin_2""}",True,0.977,0.977,True,"head_cam_left,head_cam_right,wrist_cam_left,wrist_cam_right",True,4,2,30.0,0.25,2,
118,118,C:/Users/ceti/Documents/05_data/teleop-sorting/avatar\118\episode.hdf5,1612,1532,0.95,53.7,success,82162679,1,"{""blue"": ""bin_1"", ""red"": ""bin_2""}",True,0.957,0.955,True,"head_cam_left,head_cam_right,wrist_cam_left,wrist_cam_right",True,4,2,30.0,0.25,2,
119,119,C:/Users/ceti/Documents/05_data/teleop-sorting/avatar\119\episode.hdf5,1672,1577,0.943,55.7,success,847572507,1,"{""blue"": ""bin_1"", ""red"": ""bin_2""}",True,0.995,0.994,True,"head_cam_left,head_cam_right,wrist_cam_left,wrist_cam_right",True,4,2,30.0,0.25,2,
120,120,C:/Users/ceti/Documents/05_data/teleop-sorting/avatar\120\episode.hdf5,1665,1576,0.947,55.467,success,156580103,0,"{""blue"": ""bin_1"", ""red"": ""bin_2""}",True,0.97,0.969,True,"head_cam_left,head_cam_right,wrist_cam_left,wrist_cam_right",True,4,2,30.0,0.25,2,
121,121,C:/Users/ceti/Documents/05_data/teleop-sorting/avatar\121\episode.hdf5,2030,1957,0.964,67.633,partial,679232704,0,"{""blue"": ""bin_1"", ""red"": ""bin_2""}",True,0.975,0.974,True,"head_cam_left,head_cam_right,wrist_cam_left,wrist_cam_right",True,4,2,30.0,0.25,2,
122,122,C:/Users/ceti/Documents/05_data/teleop-sorting/avatar\122\episode.hdf5,1751,1676,0.957,58.333,success,423733086,0,"{""blue"": ""bin_1"", ""red"": ""bin_2""}",True,0.972,0.975,True,"head_cam_left,head_cam_right,wrist_cam_left,wrist_cam_right",True,4,2,30.0,0.25,2,
